,用户ID,出生日期,性别
0,2757,2013-03-11,1
1,415971,2012-11-11,0
2,1372572,2012-01-30,1
3,10339332,2011-09-10,0
4,10642245,2013-02-13,0
5,10923201,2011-08-30,1
6,11768880,2012-01-07,1
7,12519465,2013-07-05,1
8,12950574,2009-07-08,0
9,13735440,2012-03-23,0
10,14510892,2014-08-12,1
11,14905422,2011-04-29,1
12,15786531,2008-09-22,0
13,16265490,2009-12-09,0
14,17431245,2011-01-15,0
15,18190851,2011-01-01,0
16,20087991,2010-08-08,0
17,20570454,2008-10-17,1
18,21137271,2011-02-04,1
19,21415917,2006-08-01,1
20,21887268,2010-05-26,0
21,22602471,2009-06-01,1
22,23208537,2008-04-16,1
23,23927133,2008-10-29,0
24,24829944,2014-08-26,1
25,25807593,2014-11-22,1
26,26629842,2013-11-24,0
27,27213666,2008-04-13,0
28,30595206,2007-09-18,0
29,31235454,2011-03-19,0
30,31795068,2007-11-24,0
31,33062883,2010-08-14,1
32,34582044,2012-11-01,0
33,34911780,2010-03-02,1
34,35831517,2011-07-08,0
35,37273026,2012-02-12,1
36,38061660,2011-12-03,1
37,40305507,2011-10-17,1
38,41643429,2014-03-22,1
39,42687654,2009-05-15,1
40,43241697,2012-05-12,0
41,44716356,2013-02-11,0
42,46013049,2014-04-08,1
43,46951908,2009-12-17,1
44,47742510,2014-07-27,0
45,48655521,2011-01-01,0
46,49167150,2013-08-18,2
47,49983255,2014-02-06,2
48,50238258,2010-12-06,1
49,51103674,2011-08-17,0
50,51880578,2011-01-07,0
51,52529655,2013-06-11,2
52,52744851,2012-08-22,1
53,53433471,2012-09-03,1
54,54855720,2013-01-28,0
55,55875510,2012-08-03,0
56,56663970,2009-11-16,1
57,57494340,2014-05-18,0
58,57711375,2013-04-20,2
59,58199199,2011-07-02,0
60,58463787,2010-09-28,1
61,59069103,2006-04-13,0
62,59596068,2013-04-28,1
63,60387171,2013-02-16,1
64,61079421,2013-05-01,1
65,61620681,2013-03-08,0
66,62879667,2011-12-05,0
67,64343163,2010-01-23,1
68,65312343,2009-06-27,1
69,66248748,2012-09-08,0
70,66755460,2011-03-07,1
71,67443207,2008-01-01,0
72,67985523,2012-07-13,0
73,69057729,2011-01-05,1
74,69435486,2012-08-21,1
75,70069665,2010-04-15,0
76,70835010,2014-05-22,0
77,71726532,2011-05-15,0
78,72231900,2011-02-21,0
79,72746697,2014-02-22,1
80,73291425,2010-06-28,0
81,74459175,2013-03-09,0
82,75343881,2012-02-25,0
83,75613245,2011-11-22,1
84,76580427,2012-03-07,1
85,77933013,2010-07-02,1
86,78375309,2013-03-22,1
87,78962691,2013-02-18,0
88,80014536,2012-06-15,1
89,80512596,2013-02-08,0
90,81793389,2013-09-04,0
91,82783545,2014-04-16,1
92,83472357,2013-01-20,1
93,84835944,2011-10-08,0
94,86731623,2013-12-26,0
95,87659835,2011-09-30,1
96,88290456,2009-01-18,0
97,89520261,1984-06-16,0
98,91177545,2010-02-03,0
99,92116962,2012-05-26,1
100,93332442,2011-11-02,0
101,94472106,2009-11-05,0
102,95428725,2012-03-31,0
103,96476817,2012-08-13,0
104,97489185,2014-04-29,1
105,98246781,2012-06-18,1
106,99665637,2013-09-26,2
107,102088293,2013-05-25,1
108,105361095,2013-01-16,1
109,106828323,2014-02-01,0
110,109404219,2007-04-09,0
111,111621945,2013-08-09,1
112,113243127,2011-02-26,0
113,114558810,2008-09-14,0
114,115930791,2013-05-19,0
115,116466705,2013-01-01,0
116,118300134,2011-05-03,0
117,119784861,2012-03-27,0
118,123044613,2011-12-10,1
119,124527924,2011-09-30,1
120,126581934,2011-05-19,0
121,127931487,2012-07-03,0
122,130211481,2008-12-09,0
123,131021484,2009-10-08,0
124,132357204,2011-11-25,1
125,133595268,2011-09-19,1
126,136997100,2013-01-13,1
127,138180945,2008-09-28,0
128,139924698,2012-01-17,1
129,141595593,2008-12-22,0
130,143220732,2008-12-16,1
131,150404943,2005-06-18,0
132,151742451,2014-01-21,2
133,154930665,2011-02-18,0
134,155969997,2012-05-05,0
135,159129426,2010-08-25,0
136,163555902,2009-05-02,1
137,166937481,2013-06-20,1
138,172453374,2013-02-06,1
139,174880005,2007-09-10,0
140,180473754,2013-05-22,0
141,186418698,2012-01-18,1
142,188799366,2011-11-30,1
143,191156136,2013-04-15,0
144,196293483,2010-01-17,1
145,197066280,2008-05-10,0
146,198339735,2011-01-28,0
147,199354107,2010-03-10,1
148,201402855,2008-12-18,0
149,211057395,2008-03-11,0
150,219658557,2013-02-20,1
151,224653845,2011-11-14,1
152,229407174,2008-12-23,0
153,235795692,2013-04-25,0
154,241837911,2012-12-25,0
155,250900287,2013-07-08,1
156,255635397,2013-06-07,1
157,260087412,2013-03-09,0
158,264579453,2014-05-12,0
159,267910347,2007-11-21,0
160,272757969,2011-02-24,0
161,275261625,2010-05-25,0
162,276219687,2013-05-29,1
163,277629531,2013-08-30,2
164,279722190,2009-03-18,0
165,286307391,2011-10-09,0
166,292966044,2010-09-16,1
167,300931383,2013-12-19,0
168,305489040,2013-08-11,1
169,316263477,2011-07-17,1
170,322204938,2013-06-26,0
171,325759617,2010-08-12,1
172,326454822,2009-04-03,1
173,332182758,2012-07-14,1
174,338734269,2013-09-26,1
175,343603914,2013-02-25,1
176,348109281,2010-02-08,1
177,352463907,2011-04-02,0
178,354804408,2013-03-27,0
179,357851268,2012-06-21,1
180,359890617,2014-03-24,0
181,360647838,2014-01-20,0
182,363164958,2014-12-29,0
183,367595379,2010-09-23,1
184,371646807,2014-09-15,1
185,373726419,2013-08-28,0
186,378028878,2012-02-08,0
187,379910739,2011-02-26,0
188,384841734,2012-08-30,1
189,387079260,2013-10-18,1
190,389377821,2014-05-20,0
191,393226650,2013-04-25,1
192,396311979,2011-09-26,1
193,403609077,2011-08-02,0
194,405674478,2012-10-28,1
195,408325776,2014-05-05,0
196,410161398,2007-05-06,1
197,412025994,2013-04-02,1
198,414338337,2015-01-23,1
199,419554296,2012-07-09,1
200,422641140,2012-08-20,1
201,426768576,2013-04-01,1
202,438010029,2012-08-07,1
203,442973445,2013-05-20,1
204,451100817,2011-07-24,1
205,460971987,2011-10-01,0
206,474782625,2014-07-15,1
207,478118517,2013-11-03,0
208,486503874,2012-09-10,1
209,502828062,2011-10-17,1
210,515908401,2011-07-14,0
211,528643545,2012-12-04,0
212,550066806,2013-11-01,1
213,573822792,2014-12-26,0
214,581726208,2015-08-15,1
215,592767759,2014-08-24,1
216,602646492,2013-07-12,1
217,606024981,2014-03-26,0
218,620090085,2014-09-08,1
219,628378860,2012-08-16,0
220,633734925,2012-03-24,0
221,645596397,2013-02-20,0
222,648024036,2011-07-30,1
223,648783804,2007-06-09,0
224,652992315,2008-12-31,0
225,656871588,2011-09-05,1
226,660371928,2013-03-05,1
227,665216877,2014-02-26,0
228,669342381,2013-10-18,1
229,672591831,2014-08-07,1
230,674462565,2013-10-28,1
231,676404930,2014-12-15,1
232,679878153,2013-09-27,0
233,682888656,2015-04-06,1
234,686047242,2010-03-04,0
235,690267186,2014-01-04,2
236,693449541,2007-01-13,1
237,698867133,2014-09-25,0
238,705109899,2015-03-18,0
239,707774847,2011-03-31,0
240,712034589,2011-01-06,0
241,714919791,2012-03-16,1
242,717297456,2013-06-12,1
243,718935048,2012-10-28,0
244,723397857,2011-09-17,0
245,726334191,2010-02-25,1
246,728180676,2010-12-12,0
247,730302768,2011-03-30,1
248,732541962,2012-12-28,1
249,734958687,2012-09-16,1
250,737930496,2014-05-15,1
251,741473940,2014-07-23,1
252,743631006,2013-02-24,1
253,746338356,2013-08-06,1
254,750833184,2010-11-04,0
255,753852498,2013-10-11,0
256,756621534,2014-10-16,1
257,758277216,2014-10-26,0
258,761265678,2013-09-27,1
259,764418129,2012-10-12,1
260,766386444,2014-01-15,0
261,771232308,2010-04-15,0
262,775276242,2011-02-01,0
263,779336988,2010-03-10,1
264,785311611,2012-10-03,0
265,787693926,2008-12-26,1
266,793020597,2012-04-27,0
267,798742650,2013-11-04,1
268,805018083,2012-10-06,1
269,809862801,2014-01-21,1
270,816959238,2012-06-21,0
271,824413527,2013-12-01,0
272,827639760,2014-01-01,0
273,829440261,2013-12-18,0
274,838135776,2013-02-06,0
275,844344519,2012-02-10,1
276,848302497,2014-02-18,1
277,849430227,2014-06-19,0
278,859624068,2011-08-24,1
279,870668820,2014-02-11,1
280,874621830,2010-12-20,1
281,883158198,2013-06-10,1
282,886997790,2014-11-30,0
283,902549448,2013-06-15,2
284,914074800,2014-02-19,2
285,925964568,2009-03-30,1
286,1017818160,2011-10-20,0
287,1033466085,2012-04-11,0
288,1040350341,2014-06-28,0
289,1045319175,2011-02-09,1
290,1049355963,2012-07-02,0
291,1055336274,2012-04-29,1
292,1060518588,2013-08-15,2
293,1075810191,2014-07-18,1
294,1083497049,2014-08-15,0
295,1089343761,2013-12-05,0
296,1100388114,2014-10-11,0
297,1113460719,2013-05-04,0
298,1125759387,2014-08-11,1
299,1132472679,2014-10-30,0
300,1593516816,2009-06-18,1
301,1635059595,2007-09-19,1
302,1643805171,2014-05-09,1
303,1658032434,2012-10-22,1
304,1672630998,2014-03-02,1
305,1692582408,2012-07-12,0
306,1706543412,2011-01-05,1
307,1730315664,2012-06-29,0
308,1766969850,2013-06-13,0
309,1783121841,2004-03-23,0
310,1817973372,2012-02-23,1
311,1834895775,2009-05-15,0
312,1858557399,2014-11-15,1
313,1911445233,2012-04-30,1
314,1944471144,2013-08-19,1
315,1990421511,2014-10-21,0
316,2062636887,2015-03-15,1
317,2118737046,2014-04-11,1
318,2230873305,2012-02-01,0
319,2298687186,2012-10-09,1
320,330830,2009-10-07,0
321,645557,2012-02-07,0
322,1567601,2012-07-07,0
323,10502300,2012-05-04,0
324,11461439,2013-03-07,1
325,12155387,2009-08-05,1
326,12576056,2011-06-11,0
327,13101455,2011-08-19,0
328,13802003,2011-10-22,1
329,14342858,2011-02-07,0
330,14785577,2008-08-20,0
331,16031078,2012-03-25,0
332,16992440,2012-05-16,0
333,17830874,2013-09-27,2
334,21185033,2006-04-07,1
335,22337360,2004-09-12,0
336,22775189,2012-04-19,0
337,23256752,2012-07-12,1
338,23779676,2010-01-09,1
339,24466085,2011-09-03,0
340,25176194,2014-09-13,1
341,26184254,2012-12-21,0
342,27488537,2009-06-16,0
343,31036295,2012-02-05,1
344,32802731,2005-11-30,0
345,33702305,2013-03-18,0
346,34296803,2009-04-14,0
347,35497496,2009-10-20,1
348,36134771,2014-11-17,1
349,37050995,2012-10-22,0
350,37613228,2012-03-21,0
351,38060393,2011-08-01,1
352,39712478,2013-02-12,0
353,40183850,2012-06-11,1
354,41338352,2008-01-30,0
355,42558014,2010-07-04,0
356,44253932,2010-01-13,1
357,45661628,2013-10-15,1
358,46577846,2012-05-18,0
359,47342027,2010-10-08,1
360,47737028,2012-03-20,1
361,48419732,2010-04-09,0
362,48922355,2011-07-15,0
363,49561550,2013-06-04,1
364,50168231,2009-04-28,0
365,51150884,2008-11-29,1
366,51598634,2011-06-12,0
367,52404311,2010-09-24,1
368,52971251,2013-06-17,0
369,53538638,2013-11-06,1
370,54451652,2010-06-02,0
371,54925736,2013-04-28,0
372,55867871,2012-06-23,1
373,56736746,2012-11-05,1
374,57970535,2013-01-14,1
375,58244867,2010-10-15,1
376,58666247,2014-03-07,0
377,59441576,2010-02-23,1
378,60290489,2009-11-01,0
379,61127135,2012-03-17,1
380,61526102,2011-05-23,0
381,62380766,2012-03-13,1
382,62789705,2013-11-11,0
383,63437351,2012-10-15,0
384,63741599,2011-03-24,0
385,65079983,2013-08-04,1
386,65651861,2011-11-24,1
387,66569606,2012-01-23,1
388,67170281,2012-06-12,1
389,67555313,2007-06-01,0
390,68067107,2012-11-14,1
391,69203525,2010-01-23,1
392,69841787,2014-07-25,0
393,71850476,2012-05-13,1
394,72088976,2014-11-06,1
395,72875105,2012-08-02,0
396,73973378,2012-04-04,0
397,75104744,2014-03-15,1
398,76076096,2014-04-28,1
399,77723093,2013-12-21,0
400,78613406,2007-11-04,1
401,79823567,2014-04-09,1
402,81094748,2009-03-23,0
403,82248938,2014-12-30,0
404,83744798,2012-08-05,1
405,84725909,2009-09-18,0
406,85189793,2009-03-13,1
407,86967455,2007-08-05,0
408,88830644,2014-03-25,1
409,89800466,2011-03-31,0
410,91156811,2012-05-25,0
411,92192666,2011-09-22,0
412,93083084,2013-12-11,0
413,94577459,2012-07-06,0
414,95849627,2006-12-23,0
415,98425070,2014-01-27,1
416,101415002,2012-03-15,0
417,104211743,2013-02-19,0
418,108083003,2014-12-06,1
419,110798294,2012-09-23,0
420,112842020,2010-11-25,0
421,113554421,2010-09-09,0
422,115248467,2013-04-18,1
423,116573081,2012-11-13,0
424,119127104,2011-08-20,1
425,121722809,2014-06-01,1
426,124333754,2014-03-23,1
427,125703503,2012-07-25,0
428,127104347,2012-04-24,0
429,129162752,2010-11-13,0
430,130263794,2010-04-29,0
431,131325713,2011-04-29,0
432,132383393,2015-03-15,0
433,133647926,2013-09-25,1
434,135519929,2012-02-26,1
435,136451900,2012-10-18,0
436,137364326,2010-11-12,0
437,138121253,2011-03-03,1
438,139879121,2004-06-22,1
439,140860418,2013-12-02,0
440,142427984,2011-07-21,0
441,143808779,2010-10-01,1
442,150096824,2014-09-28,0
443,150330797,2012-04-04,0
444,150795260,2012-11-21,1
445,154492646,2011-11-13,1
446,155835737,2014-06-15,1
447,157720562,2014-08-31,0
448,159041066,2012-07-23,1
449,160688669,2011-09-15,1
450,163954748,2013-06-16,0
451,167910527,2012-11-21,0
452,171219494,2013-11-09,0
453,175524797,2009-05-16,0
454,180332213,2009-12-03,0
455,183827816,2011-04-30,0
456,186849644,2010-11-15,1
457,188600174,2014-01-21,1
458,191039747,2014-07-09,0
459,195018770,2014-11-09,0
460,198772898,2014-11-15,0
461,200491949,2013-11-06,1
462,210263456,2012-09-07,0
463,213455117,2015-07-02,0
464,220079966,2010-08-08,0
465,224292962,2012-12-13,1
466,229463294,2013-07-07,0
467,243205895,2014-07-02,0
468,249709718,2013-11-20,1
469,259538915,2012-04-23,0
470,264008927,2012-03-25,0
471,266966105,2008-10-13,1
472,269267507,2012-11-20,1
473,274379633,2014-06-27,1
474,276246305,2010-10-10,0
475,277357538,2012-06-16,0
476,279787751,2013-09-14,1
477,282788237,2010-12-06,1
478,287230352,2009-03-16,1
479,290360210,2013-10-29,0
480,294750833,2013-07-30,1
481,299196791,2014-03-31,0
482,306716492,2015-03-01,1
483,321506990,2013-02-13,0
484,324693962,2014-02-19,0
485,338773232,2012-08-07,1
486,347068613,2014-11-20,0
487,350099492,2008-06-22,0
488,352890947,2010-12-01,0
489,356049284,2009-07-15,0
490,358097309,2013-09-15,1
491,359601689,2011-12-15,0
492,363147332,2009-01-29,1
493,367656020,2006-11-13,1
494,369616040,2014-10-05,0
495,370606430,2013-06-04,0
496,373105196,2014-01-03,1
497,376448732,2006-03-07,1
498,377473718,2011-12-26,1
499,378871709,2012-02-23,1
500,381275366,2013-07-09,0
501,385135931,2014-11-04,0
502,388415192,2009-09-18,1
503,392508254,2009-08-09,0
504,394567091,2008-10-16,0
505,398312015,2014-06-23,1
506,404254046,2009-01-11,0
507,406935827,2013-12-30,1
508,408499766,2014-09-19,0
509,411194666,2014-07-17,0
510,414883979,2008-03-27,0
511,418692116,2014-06-02,1
512,425087423,2011-11-23,1
513,437556506,2011-09-28,0
514,441486929,2012-11-28,1
515,447609368,2011-11-15,1
516,466369304,2013-08-02,1
517,476002223,2012-08-17,0
518,486110123,2014-06-02,0
519,504804896,2010-02-20,0
520,506946641,2013-04-18,0
521,511889597,2011-11-06,1
522,525892484,2013-06-19,1
523,545936732,2006-08-10,0
524,552289829,2008-12-23,0
525,571159301,2011-07-20,1
526,593517038,2012-06-26,1
527,603123248,2013-11-21,0
528,606918860,2012-06-27,0
529,614946692,2014-06-11,1
530,631917779,2012-10-23,1
531,642755513,2013-10-26,0
532,644854097,2014-03-18,0
533,646222766,2010-02-28,0
534,648241169,2013-10-05,0
535,650723936,2014-10-06,0
536,653290859,2007-08-20,1
537,659749250,2012-10-15,0
538,664236959,2012-07-26,0
539,667774265,2013-10-10,0
540,672265151,2012-11-28,0
541,674451014,2011-01-15,0
542,675728690,2010-11-15,0
543,678827114,2013-01-19,0
544,685332320,2012-02-23,0
545,689783888,2014-03-04,0
546,692815952,2013-07-14,1
547,697241495,2010-05-17,0
548,702647816,2014-03-22,1
549,706851515,2007-08-17,0
550,711496874,2011-10-25,0
551,718858754,2011-10-15,1
552,722440556,2014-10-03,1
553,723449270,2010-10-03,0
554,726045779,2012-09-04,0
555,728844788,2014-05-27,0
556,733070564,2014-12-17,1
557,738243947,2014-05-22,1
558,743394056,2010-11-25,0
559,745559711,2013-02-17,1
560,748181531,2014-07-22,1
561,751654337,2008-09-27,1
562,757254614,2009-05-28,0
563,759253421,2014-02-27,0
564,760737575,2015-03-06,1
565,763368008,2014-08-30,1
566,767800373,2012-06-08,0
567,771449207,2014-06-22,0
568,775425752,2014-08-30,1
569,779743331,2013-09-12,1
570,783771062,2012-10-05,0
571,786904109,2013-04-22,1
572,789872417,2009-08-05,0
573,795355691,2011-07-09,0
574,797916383,2013-04-18,0
575,800173649,2013-07-20,0
576,807555311,2014-02-13,1
577,810566789,2014-03-18,1
578,812347802,2013-03-19,0
579,816914951,2014-09-28,0
580,818864954,2014-07-13,1
581,824754611,2012-11-08,0
582,829213583,2013-11-10,0
583,834999974,2014-11-30,1
584,841216238,2013-05-05,0
585,849873788,2014-05-19,0
586,854553317,2014-01-19,0
587,864297971,2013-03-09,0
588,867290915,2007-02-07,0
589,877873688,2013-06-10,0
590,882909923,2012-05-16,1
591,889878950,2013-09-01,0
592,894103508,2014-10-21,0
593,898630655,2012-11-02,1
594,910140800,2013-03-02,0
595,918918455,2008-10-22,0
596,929425316,2011-09-12,0
597,1020368066,2010-06-01,1
598,1023634940,2011-12-28,0
599,1033551143,2013-08-12,0
600,1040314082,2012-04-22,1
601,1045498739,2013-09-26,1
602,1050126413,2014-05-18,0
603,1055473418,2010-11-03,1
604,1062425612,2012-09-02,0
605,1069860359,2013-05-08,0
606,1076986436,2012-03-20,0
607,1081341647,2014-12-09,1
608,1091263211,2013-04-13,0
609,1108310267,2013-10-02,1
610,1124076737,2012-10-13,0
611,1134007073,2013-12-31,2
612,1589292035,2011-06-05,1
613,1630379975,2014-04-02,0
614,1641457379,2013-12-26,1
615,1656319652,2015-01-08,1
616,1671080225,2014-03-09,0
617,1684502624,2011-05-25,1
618,1709476961,2013-01-06,0
619,1743387086,2012-10-13,0
620,1771335722,2012-08-08,1
621,1793514014,2013-06-25,0
622,1822398971,2013-05-08,0
623,1844317769,2014-06-26,0
624,1850552006,2014-01-25,1
625,1869728066,2013-07-21,1
626,1887892514,2009-12-10,0
627,1924473311,2014-04-16,0
628,1942584506,2014-04-05,1
629,1978481429,2013-08-29,1
630,2020687907,2012-07-04,0
631,2067426839,2015-03-01,1
632,2104818212,2014-03-27,0
633,2176939646,2014-01-10,1
634,2214580556,2012-12-01,1
635,2262837380,2011-09-14,0
636,2391404843,2014-09-16,1
637,243385,2011-07-10,0
638,929851,2011-04-03,0
639,10405255,2012-02-14,0
640,11503702,2012-08-26,1
641,12631429,2013-04-08,1
642,13503298,2012-09-28,0
643,13848376,2014-08-21,1
644,14304064,2010-06-01,1
645,15108904,2012-12-14,1
646,16033918,2013-10-24,2
647,17289460,2010-12-11,1
648,18382012,2009-05-30,1
649,20451388,2012-01-29,1
650,20995405,2011-11-14,0
651,21647086,2009-03-14,0
652,21838963,2014-03-10,0
653,22733878,2009-01-16,1
654,23086954,2011-10-08,0
655,24079156,2010-12-31,1
656,25526539,2014-03-09,1
657,26188351,2010-03-29,0
658,27595882,2010-03-29,1
659,30438040,2003-10-17,0
660,31465015,2012-06-01,1
661,32418211,2009-09-29,1
662,32950783,2013-10-25,0
663,33580636,2011-01-02,0
664,35009662,2012-11-24,1
665,35832151,2009-04-01,1
666,36789289,2013-06-11,0
667,38130097,2014-01-27,1
668,39645715,2013-01-22,1
669,40216027,2011-01-24,0
670,42092374,2015-01-17,1
671,43270534,2014-04-10,1
672,44732791,2011-08-28,0
673,45002392,2013-12-12,2
674,45797590,2013-08-18,1
675,46239667,2011-09-16,1
676,47138383,2010-12-21,0
677,47836546,2012-09-01,0
678,48621253,2013-01-25,1
679,49008121,2011-03-10,0
680,49551046,2015-04-19,0
681,49997797,2009-08-16,1
682,50839954,2011-08-11,0
683,51587524,2009-02-02,1
684,52313002,2006-04-15,0
685,53224585,2011-06-03,0
686,53917099,2011-09-21,0
687,54366478,2010-12-10,1
688,55069180,2014-08-07,0
689,55522687,2013-12-15,1
690,56340436,2008-01-06,1
691,56819773,2008-08-12,1
692,57613642,2013-07-20,0
693,58386865,2013-03-19,1
694,58846126,2014-05-25,0
695,59265016,2013-02-15,1
696,60392074,2013-03-21,1
697,61588159,2013-08-13,0
698,62395309,2011-12-12,1
699,63157165,2011-08-09,1
700,64093162,2010-08-16,1
701,64581913,2013-08-27,2
702,65935243,2006-06-16,1
703,66738967,2004-11-09,0
704,67828543,2012-12-27,1
705,69106930,2010-06-01,0
706,69889555,2010-11-11,0
707,70231555,2012-02-23,0
708,71241931,2011-08-31,1
709,72341311,2014-04-06,0
710,72555454,2012-03-02,1
711,73927336,2011-10-15,1
712,75200815,2013-11-14,0
713,75758080,2012-03-02,0
714,76472818,2012-04-25,1
715,77164222,2015-01-29,1
716,78135508,2011-11-05,1
717,78923188,2002-12-05,0
718,80273467,2015-01-25,2
719,82413736,2011-09-20,0
720,83359531,2011-02-05,1
721,83942488,2010-06-21,1
722,84547855,2007-08-08,0
723,84890647,2013-02-28,1
724,85390387,2003-09-09,0
725,85942387,2012-12-26,0
726,86828233,2008-01-21,0
727,87526273,2010-11-01,0
728,88718614,2009-10-10,1
729,89781118,2013-01-12,1
730,90961714,2012-02-10,0
731,92590396,2012-07-17,1
732,95793571,2013-10-10,0
733,97496056,2011-11-17,0
734,99519637,2014-08-06,0
735,101254996,2013-07-17,2
736,102571912,2010-11-16,0
737,106735420,2013-07-09,1
738,107865814,2012-06-20,1
739,108344071,2010-07-04,1
740,109907629,2010-02-18,1
741,111794341,2010-09-02,1
742,112175464,2014-01-01,0
743,113093326,2012-11-26,1
744,115378612,2014-04-12,2
745,117002455,2011-04-25,0
746,118942006,2012-09-29,1
747,120971704,2011-06-24,0
748,124613323,2011-04-20,1
749,125840215,2011-05-02,0
750,127451512,2012-12-12,0
751,128693368,2010-07-20,0
752,129972565,2011-01-22,0
753,131802832,2012-04-05,1
754,133546192,2013-07-07,2
755,134536342,2012-05-21,0
756,136517419,2012-07-12,1
757,138548893,2014-06-27,0
758,139491685,2012-05-03,1
759,141263038,2011-11-28,1
760,141999400,2012-08-17,1
761,144253378,2013-10-21,2
762,152076304,2008-08-19,0
763,153843973,2008-02-24,1
764,156156175,2013-08-24,2
765,156942952,2013-12-27,0
766,161512438,2013-03-04,0
767,165283246,2013-11-04,1
768,168252385,2013-01-27,1
769,169596502,2015-02-18,1
770,173329093,2013-06-15,0
771,178032355,2013-05-10,1
772,183137017,2007-11-05,0
773,185178295,2014-08-13,1
774,188785717,2011-06-17,0
775,191994688,2013-03-19,1
776,195510961,2012-01-16,1
777,197411149,2010-04-29,0
778,198627397,2013-06-17,2
779,200849884,2006-01-13,1
780,204505282,2010-10-06,0
781,207508450,2012-02-20,1
782,217491793,2013-02-10,0
783,223475170,2005-12-18,1
784,240345601,2013-04-13,1
785,248962105,2013-07-26,0
786,253581310,2014-04-11,0
787,257521582,2014-05-05,1
788,260092225,2011-10-05,1
789,262823764,2012-09-13,1
790,264839494,2007-07-29,0
791,270377458,2012-04-02,0
792,274099870,2014-08-31,0
793,275987542,2014-01-03,1
794,276632530,2012-07-16,1
795,279185110,2007-08-16,1
796,280347691,2013-04-06,0
797,283250293,2013-06-13,1
798,290538796,2011-05-20,1
799,293128525,2013-03-06,1
800,296255521,2012-09-15,0
801,300031861,2014-01-05,0
802,306544399,2012-11-04,1
803,310635877,2013-03-21,0
804,321329368,2007-04-28,0
805,325249615,2011-01-03,0
806,330386953,2011-02-10,0
807,339355276,2013-08-31,1
808,345134125,2013-01-18,0
809,346883797,2012-03-28,0
810,350100046,2011-05-09,0
811,353221225,2011-08-13,0
812,355762297,2009-09-23,0
813,359840716,2009-01-20,0
814,363860560,2014-02-16,2
815,366240547,2009-11-06,0
816,369840982,2013-03-09,1
817,371636266,2013-12-04,0
818,376464964,2014-08-24,0
819,377550424,2011-06-20,1
820,381387022,2013-04-01,1
821,383735470,2011-08-19,0
822,385231417,2011-11-22,1
823,389326420,2013-07-17,0
824,393380275,2010-02-09,0
825,397468855,2014-08-04,1
826,401026519,2011-03-20,0
827,403168768,2013-12-17,0
828,406365709,2013-06-08,0
829,410823343,2011-03-26,1
830,411347539,2012-09-04,1
831,416284711,2013-03-24,0
832,423008263,2012-08-12,1
833,430319227,2011-06-15,0
834,441460285,2013-10-23,1
835,444309931,2010-08-10,0
836,445949008,2014-10-09,1
837,460727512,2009-07-22,0
838,468484747,2011-05-31,1
839,479631961,2011-07-25,0
840,488469409,2014-08-09,1
841,504846829,2013-10-24,1
842,509990590,2014-04-04,1
843,513441334,2011-01-05,1
844,517793335,2011-07-10,1
845,530044678,2008-01-01,0
846,549274183,2012-09-28,0
847,559247716,2012-10-20,1
848,576767101,2013-06-01,1
849,593315800,2012-09-23,1
850,604714141,2014-08-05,1
851,609791410,2014-02-20,1
852,628367479,2012-01-26,1
853,638926978,2015-01-08,1
854,643563115,2011-08-08,1
855,647746339,2013-02-07,1
856,649346959,2013-04-27,0
857,651493549,2011-11-08,1
858,655834471,2012-04-03,0
859,658919521,2013-10-14,0
860,664444918,2011-09-27,1
861,669302326,2010-04-06,0
862,672166297,2013-10-24,1
863,674478679,2014-02-01,1
864,675579268,2013-09-16,0
865,678340978,2014-08-25,1
866,682354444,2014-06-05,1
867,685810741,2013-03-22,1
868,687066529,2011-05-11,1
869,688809898,2012-08-04,0
870,691470382,2013-04-07,0
871,694874554,2012-11-22,0
872,697526248,2015-01-15,1
873,701712529,2015-04-02,1
874,703730908,2010-05-02,0
875,705498556,2012-10-04,0
876,709021222,2012-11-01,1
877,711528325,2010-11-14,1
878,713724745,2010-04-24,0
879,721803445,2008-08-08,0
880,725520721,2011-12-08,1
881,729828346,2013-01-07,1
882,735319921,2012-10-01,1
883,740015689,2013-09-26,0
884,746105695,2013-06-27,1
885,750087385,2015-02-15,0
886,752822677,2013-02-26,1
887,755743741,2014-07-17,0
888,761730076,2008-02-09,0
889,769346515,2014-05-02,1
890,771784864,2012-08-24,0
891,775584118,2012-10-23,0
892,779107498,2009-09-28,0
893,783992038,2008-07-23,1
894,785043910,2013-05-30,0
895,790148926,2014-08-27,1
896,794000662,2014-09-03,0
897,799287214,2012-08-13,0
898,809244853,2015-05-02,0
899,814243609,2013-01-10,1
900,818761936,2013-12-05,1
901,821089219,2014-06-15,0
902,826835722,2014-07-02,0
903,834678463,2014-06-10,1
904,838547338,2012-12-18,0
905,842436337,2011-10-16,1
906,854053048,2011-05-24,1
907,857559826,2013-10-13,0
908,867476098,2013-08-06,0
909,870525985,2014-09-03,0
910,877518892,2014-03-04,1
911,883771195,2012-07-11,1
912,891736786,2012-06-28,1
913,904942807,2010-11-05,0
914,917524288,2011-06-24,0
915,921137911,2014-07-14,1
916,924007702,2009-12-24,0
917,930683689,2013-10-13,2
918,1017989581,2014-08-04,1
919,1027969540,2013-02-28,0
920,1038480421,2013-02-08,1
921,1041892321,2012-08-01,0
922,1052158519,2012-03-29,0
923,1063363684,2014-11-14,0
924,1070284684,2011-12-29,0
925,1081311286,2013-10-31,0
926,1087643545,2013-06-29,1
927,1094274418,2013-08-03,0
928,1103802043,2013-03-01,1
929,1133628211,2012-09-03,0
930,1577585731,2013-03-21,0
931,1609674769,2014-07-03,2
932,1635254677,2013-01-23,1
933,1649930323,2010-10-04,0
934,1671493753,2014-12-22,1
935,1683328510,2013-08-17,1
936,1702276954,2013-08-21,1
937,1711109878,2012-08-23,0
938,1720825303,2014-07-21,0
939,1754594929,2014-08-26,0
940,1812586633,2015-03-09,0
941,1830529477,2013-06-17,0
942,1836568285,2011-11-23,0
943,1862594497,2010-01-05,0
944,1890948217,2013-09-17,0
945,1921509424,2013-05-31,1
946,1973092345,2003-03-03,0
947,1993235563,2014-07-09,1
948,2020957900,2014-04-30,0
949,2080304899,2010-07-13,0
950,2114469016,2014-04-16,0
951,2186831536,2014-05-19,1
952,2254611367,2011-10-31,0
